{
  "LSD_dB": 3.355445623397827,
  "SpecConv": 6.284964561462402,
  "ComplexMSE": 180.37413024902344,
  "LogMag_MAE": 44.77378463745117,
  "LogMag_RMSE": 49.33290100097656,
  "IF_MAE": 1.386428952217102,
  "IF_RMSE": 1.72611665725708,
  "SI_SDR_dB": -15.207660675048828,
  "SI_SDR_phaseGT": -9.67320442199707,
  "SI_SDR_magGT": -4.814544200897217
}